timestamp,price,quantity,side
1735657200051,93548.8,0.056000,bid
1735657205048,93548.7,0.448000,ask
1735657205057,93548.8,0.004000,bid
1735657205065,93548.7,0.119000,ask
1735657205078,93548.8,0.031000,bid
1735657205082,93548.7,0.131000,ask
1735657205093,93548.6,0.002000,ask
1735657205093,93548.1,0.003000,ask
1735657205115,93548.7,0.089000,ask
1735657205124,93548.0,0.002000,ask
1735657205124,93547.9,0.003000,ask
1735657205124,93547.1,0.012000,ask
1735657205124,93546.9,0.018000,ask
1735657205124,93546.8,0.013000,ask
1735657205124,93546.6,0.005000,ask
1735657205124,93546.5,0.004000,ask
1735657205124,93546.4,0.012000,ask
1735657205124,93546.2,0.013000,ask
1735657205124,93546.1,0.002000,ask
1735657205124,93546.0,0.013000,ask
1735657205124,93545.8,0.040000,ask
1735657205124,93545.7,0.012000,ask
1735657205124,93545.6,0.002000,ask
1735657205125,93545.5,0.009000,ask
1735657205125,93545.2,0.002000,ask
1735657205125,93545.1,0.749000,ask
1735657205125,93544.7,0.800000,ask
1735657205125,93544.6,0.012000,ask
1735657205125,93544.3,0.036000,ask
1735657205125,93544.2,0.002000,ask
1735657205125,93543.4,0.003000,ask
1735657205125,93543.3,0.002000,ask
1735657205125,93543.1,0.008000,ask
1735657205125,93542.9,0.003000,ask
1735657205125,93542.7,0.003000,ask
1735657205125,93542.5,0.004000,ask
1735657205125,93542.3,0.015000,ask
1735657205125,93542.2,0.018000,ask
1735657205125,93542.0,0.002000,ask
1735657205125,93541.8,0.005000,ask
1735657205125,93541.6,0.043000,ask
1735657205125,93541.4,0.002000,ask
1735657205125,93541.2,0.005000,ask
1735657205125,93541.1,0.003000,ask
1735657205125,93541.0,0.053000,ask
1735657205125,93540.9,0.032000,ask
1735657205125,93540.8,0.043000,ask
1735657205125,93540.6,0.004000,ask
1735657205125,93540.5,0.002000,ask
1735657205125,93540.1,0.029000,ask
1735657205125,93540.0,0.053000,ask
1735657205125,93539.9,0.051000,ask
1735657205125,93539.7,0.074000,ask
1735657205125,93539.5,0.002000,ask
1735657205125,93539.4,0.017000,ask
1735657205125,93539.3,0.109000,ask
1735657205125,93539.2,0.002000,ask
1735657205125,93539.0,0.425000,ask
1735657205125,93538.9,0.002000,ask
1735657205125,93538.7,0.003000,ask
1735657205125,93538.4,0.056000,ask
1735657205125,93538.0,0.015000,ask
1735657205125,93537.9,0.002000,ask
1735657205125,93537.8,0.160000,ask
1735657205125,93537.7,0.350000,ask
1735657205125,93537.6,0.043000,ask
1735657205125,93537.5,0.070000,ask
1735657205125,93537.4,0.152000,ask
1735657205125,93537.2,0.002000,ask
1735657205125,93537.1,0.007000,ask
1735657205125,93536.9,0.070000,ask
1735657205125,93536.8,0.749000,ask
1735657205125,93536.7,0.002000,ask
1735657205125,93536.5,0.002000,ask
1735657205125,93536.3,0.002000,ask
1735657205125,93536.2,0.002000,ask
1735657205125,93536.1,0.003000,ask
1735657205125,93536.0,0.007000,ask
1735657205125,93535.9,0.160000,ask
1735657205125,93535.8,0.015000,ask
1735657205125,93535.7,0.032000,ask
1735657205125,93535.6,0.043000,ask
1735657205125,93535.5,0.002000,ask
1735657205125,93535.4,0.002000,ask
1735657205125,93535.3,0.006000,ask
1735657205125,93535.2,0.046000,ask
1735657205125,93535.1,0.002000,ask
1735657205125,93535.0,0.003000,ask
1735657205125,93534.7,0.001000,ask
1735657205125,93534.5,0.002000,ask
1735657205125,93534.0,0.148000,ask
1735657205125,93533.9,0.016000,ask
1735657205125,93533.7,0.008000,ask
1735657205125,93533.6,0.003000,ask
1735657205125,93533.5,0.938000,ask
1735657205125,93533.3,0.002000,ask
1735657205125,93533.1,0.002000,ask
1735657205125,93533.0,0.420000,ask
1735657205125,93532.9,0.023000,ask
1735657205125,93532.7,0.002000,ask
1735657205125,93532.5,0.017000,ask
1735657205125,93532.4,1.127000,ask
1735657205125,93532.3,0.006000,ask
1735657205125,93532.1,0.013000,ask
1735657205125,93532.0,0.043000,ask
1735657205125,93531.8,0.003000,ask
1735657205125,93531.6,0.002000,ask
1735657205125,93531.5,0.854000,ask
1735657205125,93531.3,0.416000,ask
1735657205125,93531.2,0.043000,ask
1735657205125,93531.1,0.002000,ask
1735657205125,93530.8,0.002000,ask
1735657205125,93530.7,0.002000,ask
1735657205125,93530.6,0.045000,ask
1735657205125,93530.5,0.063000,ask
1735657205125,93530.4,0.002000,ask
1735657205125,93530.3,0.044000,ask
1735657205125,93530.2,0.911000,ask
1735657205125,93530.1,0.002000,ask
1735657205125,93530.0,0.113000,ask
1735657205125,93529.9,0.002000,ask
1735657205125,93529.7,0.501000,ask
1735657205140,93548.8,0.002000,bid
1735657205151,93536.7,0.002000,ask
1735657205151,93535.3,0.002000,ask
1735657205151,93533.7,0.004000,ask
1735657205161,93548.8,1.069000,bid
1735657205180,93548.7,0.005000,ask
1735657205181,93537.6,0.005000,ask
1735657205185,93533.7,0.001000,ask
1735657205185,93529.7,0.597000,ask
1735657205185,93529.6,0.390000,ask
1735657205195,93548.8,0.010000,bid
1735657205200,93548.7,0.006000,ask
1735657205200,93529.6,0.024000,ask
1735657205228,93548.8,0.002000,bid
1735657205230,93529.6,0.335000,ask
1735657205233,93529.5,0.400000,ask
1735657205261,93542.0,0.255000,ask
1735657205285,93548.7,0.002000,bid
1735657205291,93542.0,0.749000,ask
1735657205304,93537.5,0.002000,ask
1735657205304,93531.4,0.002000,ask
1735657205304,93529.5,0.316000,ask
1735657205304,93529.2,0.043000,ask
1735657205304,93529.1,0.003000,ask
1735657205304,93528.8,0.043000,ask
1735657205304,93528.7,0.002000,ask
1735657205304,93528.6,0.367000,ask
1735657205310,93528.3,0.002000,ask
1735657205310,93528.2,0.132000,ask
1735657205314,93548.7,0.059000,bid
1735657205314,93548.8,0.160000,bid
1735657205321,93528.2,0.928000,ask
1735657205321,93527.9,0.004000,ask
1735657205321,93527.8,0.705000,ask
1735657205321,93527.4,0.002000,ask
1735657205321,93527.3,0.002000,ask
1735657205321,93527.2,0.359000,ask
1735657205346,93548.8,0.328000,bid
1735657205353,93542.4,0.018000,ask
1735657205353,93537.7,0.011000,ask
1735657205353,93527.2,0.334000,ask
1735657205356,93548.8,0.050000,bid
1735657205362,93527.2,0.009000,ask
1735657205366,93548.8,0.145000,bid
1735657205415,93536.3,0.010000,bid
1735657205415,93536.4,0.003000,bid
1735657205415,93538.7,0.005000,bid
1735657205439,93537.2,0.024000,ask
1735657205441,93534.0,0.098000,ask
1735657205461,93535.5,0.053000,ask
1735657205473,93534.0,0.211000,ask
1735657205532,93534.6,0.002000,ask
1735657205532,93534.0,0.051000,ask
1735657205533,93536.6,0.004000,bid
1735657205545,93534.0,0.009000,ask
1735657205549,93536.6,0.007000,bid
1735657205572,93534.0,0.002000,ask
1735657205582,93535.4,0.002000,ask
1735657205582,93534.0,0.143000,ask
1735657205588,93536.6,0.003000,bid
1735657205592,93534.0,0.010000,ask
1735657205592,93536.6,0.002000,bid
1735657205621,93535.0,0.002000,bid
1735657205641,93536.6,0.166000,bid
1735657205676,93534.0,0.009000,ask
1735657205689,93536.6,0.021000,bid
1735657205724,93534.1,0.004000,bid
1735657205815,93534.0,0.037000,ask
1735657206036,93534.0,0.012000,ask
1735657206085,93534.1,0.205000,bid
1735657206144,93534.0,0.457000,ask
1735657206347,93532.8,0.005000,ask
1735657206347,93531.4,0.002000,ask
1735657206347,93531.1,0.067000,ask
1735657206347,93530.4,0.003000,ask
1735657206347,93529.9,0.106000,ask
1735657206381,93530.0,0.035000,bid
1735657206509,93529.9,0.005000,ask
1735657206623,93530.0,0.008000,bid
1735657206765,93529.9,0.013000,ask
1735657206919,93529.9,0.021000,ask
1735657206962,93530.0,0.064000,bid
1735657207236,93529.9,0.155000,ask
1735657207467,93530.0,0.049000,bid
1735657207537,93529.9,1.094000,ask
1735657207537,93529.8,0.076000,ask
1735657207537,93529.7,0.147000,ask
1735657207537,93528.6,0.005000,ask
1735657207537,93526.4,0.009000,ask
1735657207537,93526.3,0.006000,ask
1735657207537,93526.2,0.002000,ask
1735657207537,93526.1,0.007000,ask
1735657207537,93525.8,0.002000,ask
1735657207537,93525.6,0.092000,ask
1735657207640,93525.6,0.176000,ask
1735657207746,93525.3,0.003000,ask
1735657207746,93525.2,0.002000,ask
1735657208025,93525.0,0.659000,ask
1735657208161,93525.0,0.744000,ask
1735657208342,93525.0,0.094000,ask
1735657208442,93525.1,0.042000,bid
1735657208540,93525.0,0.135000,ask
1735657208687,93525.0,0.097000,ask
1735657209171,93525.0,0.710000,ask
1735657209308,93525.1,0.087000,bid
1735657209505,93525.0,0.005000,ask
1735657209719,93525.1,0.001000,bid
1735657210258,93525.0,0.002000,ask
1735657210576,93525.1,0.036000,bid
1735657210719,93525.1,0.003000,bid
1735657210744,93525.0,0.044000,ask
1735657210760,93525.1,0.002000,bid
1735657211131,93525.0,0.300000,ask
1735657211193,93525.1,0.003000,bid
1735657211286,93525.0,0.010000,ask
1735657211373,93525.1,0.010000,bid
1735657211533,93525.0,0.008000,ask
1735657211636,93525.1,0.028000,bid
1735657211663,93525.0,0.004000,ask
1735657211693,93525.1,0.065000,bid
1735657211709,93525.0,0.025000,ask
1735657211844,93525.1,0.003000,bid
1735657211945,93525.1,0.037000,bid
1735657212050,93525.1,0.005000,bid
1735657212132,93525.0,0.019000,ask
1735657212446,93525.0,0.009000,ask
1735657212766,93525.1,0.002000,bid
1735657212781,93525.0,0.009000,ask
1735657212784,93525.1,0.012000,bid
1735657212840,93525.0,0.020000,ask
1735657213051,93525.0,0.034000,ask
1735657213333,93525.1,0.016000,bid
1735657213419,93525.0,0.001000,ask
1735657213627,93525.1,0.021000,bid
1735657213696,93525.0,0.020000,ask
1735657214006,93525.0,0.002000,ask
1735657214175,93525.1,0.002000,bid
1735657214317,93525.0,0.054000,ask
1735657214626,93525.0,0.031000,ask
1735657214763,93525.0,0.188000,ask
1735657214853,93524.8,0.014000,ask
1735657214853,93524.7,0.017000,ask
1735657214853,93524.6,0.017000,ask
1735657214853,93524.4,0.006000,ask
1735657214853,93524.2,0.018000,ask
1735657214853,93523.9,0.004000,ask
1735657214853,93523.8,0.006000,ask
1735657214855,93523.7,0.003000,ask
1735657214855,93523.6,0.002000,ask
1735657214855,93523.5,0.024000,ask
1735657214855,93523.1,0.016000,ask
1735657214855,93522.7,0.002000,ask
1735657214855,93522.4,0.002000,ask
1735657214855,93521.7,0.002000,ask
1735657214855,93521.5,0.014000,ask
1735657214855,93521.2,0.002000,ask
1735657214855,93521.1,0.006000,ask
1735657214855,93521.0,0.003000,ask
1735657214855,93520.8,0.009000,ask
1735657214855,93520.7,0.006000,ask
1735657214855,93520.6,0.009000,ask
1735657214856,93520.5,0.012000,ask
1735657214856,93520.4,0.016000,ask
1735657214856,93520.3,0.040000,ask
1735657214875,93520.4,0.003000,bid
1735657215129,93520.3,0.122000,ask
1735657215272,93520.3,0.016000,ask
1735657215499,93520.3,0.002000,ask
1735657215636,93520.4,0.004000,bid
1735657215746,93520.3,0.005000,ask
1735657215765,93520.4,0.008000,bid
1735657216017,93520.3,0.007000,ask
1735657216017,93520.2,0.015000,ask
1735657216017,93520.1,0.210000,ask
1735657216017,93520.0,0.871000,ask
1735657216018,93519.9,0.057000,ask
1735657216018,93519.8,0.002000,ask
1735657216019,93519.1,0.006000,ask
1735657216019,93518.8,0.018000,ask
1735657216019,93518.7,0.013000,ask
1735657216019,93518.6,0.006000,ask
1735657216019,93518.5,0.003000,ask
1735657216019,93518.4,0.006000,ask
1735657216019,93517.9,0.002000,ask
1735657216019,93517.8,0.034000,ask
1735657216020,93517.7,0.033000,ask
1735657216020,93517.6,0.067000,ask
1735657216020,93517.4,0.003000,ask
1735657216033,93517.1,0.021000,ask
1735657216033,93516.5,0.022000,ask
1735657216033,93516.4,0.002000,ask
1735657216033,93516.3,0.005000,ask
1735657216034,93516.2,0.002000,ask
1735657216034,93516.1,0.013000,ask
1735657216034,93515.9,0.047000,ask
1735657216034,93515.6,0.089000,ask
1735657216034,93515.1,0.270000,ask
1735657216034,93514.9,0.005000,ask
1735657216034,93514.7,0.005000,ask
1735657216034,93514.6,0.840000,ask
1735657216116,93514.3,0.004000,ask
1735657216230,93514.3,0.002000,bid
1735657216506,93514.2,0.005000,ask
1735657216695,93514.2,0.053000,ask
1735657216985,93514.2,0.141000,ask
1735657217103,93514.2,0.019000,ask
1735657217405,93514.2,0.016000,ask
1735657217680,93514.3,0.002000,bid
1735657217691,93514.2,0.918000,ask
1735657217833,93514.3,3.748000,bid
1735657217836,93514.7,0.098000,bid
1735657217836,93515.7,0.006000,bid
1735657217836,93516.0,0.006000,bid
1735657217840,93516.9,0.002000,bid
1735657217842,93517.2,0.002000,bid
1735657217853,93518.8,0.022000,bid
1735657217866,93518.8,0.019000,ask
1735657217869,93518.9,0.002000,bid
1735657217869,93519.0,1.264000,bid
1735657218035,93519.0,0.009000,bid
1735657218037,93518.9,0.420000,ask
1735657218439,93519.0,0.408000,bid
1735657218440,93519.2,0.002000,bid
1735657218442,93520.0,0.002000,bid
1735657218442,93520.3,0.004000,bid
1735657218521,93520.3,0.107000,ask
1735657219013,93520.4,0.003000,bid
1735657219029,93520.3,0.147000,ask
1735657219367,93520.3,0.172000,ask
1735657219397,93520.4,0.004000,bid
1735657219569,93520.3,0.096000,ask
1735657219831,93520.3,0.111000,ask
1735657220121,93520.3,0.002000,ask
1735657220252,93520.4,0.048000,bid
1735657220335,93520.3,0.006000,ask
1735657220512,93520.4,0.005000,bid
1735657220799,93520.3,0.050000,ask
1735657221171,93520.3,0.077000,ask
1735657221394,93520.3,0.005000,ask
1735657221413,93520.4,0.307000,bid
1735657221535,93520.4,0.011000,bid
1735657221929,93520.4,0.273000,bid
1735657221929,93521.4,0.002000,bid
1735657221933,93522.5,0.002000,bid
1735657221934,93523.5,0.022000,bid
1735657221934,93523.8,0.002000,bid
1735657221934,93524.4,0.002000,bid
1735657221971,93524.9,0.006000,ask
1735657222065,93525.0,0.004000,bid
1735657222267,93524.9,0.107000,ask
1735657222471,93524.9,0.107000,ask
1735657222653,93525.0,0.198000,bid
1735657222997,93524.9,0.021000,ask
1735657223066,93525.0,0.077000,bid
1735657223546,93525.0,1.000000,bid
1735657223748,93524.9,0.046000,ask
1735657224432,93525.0,0.011000,bid
1735657224995,93525.0,0.086000,bid
1735657225080,93524.9,0.099000,ask
1735657225120,93525.0,0.255000,bid
1735657225120,93525.0,0.895000,ask
1735657225242,93525.0,0.002000,ask
1735657225394,93525.0,0.043000,ask
1735657225437,93525.1,0.616000,bid
1735657225552,93525.1,0.112000,bid
1735657225636,93525.0,0.002000,ask
1735657226100,93525.1,0.304000,bid
1735657226101,93525.3,0.239000,bid
1735657226101,93525.4,0.176000,bid
1735657226101,93525.5,0.040000,bid
1735657226102,93525.6,0.002000,bid
1735657226102,93525.7,0.384000,bid
1735657226105,93525.8,0.040000,bid
1735657226105,93526.2,0.002000,bid
1735657226105,93526.3,0.003000,bid
1735657226117,93528.2,0.018000,bid
1735657226117,93528.4,0.007000,bid
1735657226117,93528.7,0.011000,bid
1735657226117,93529.1,0.002000,bid
1735657226118,93529.8,0.002000,bid
1735657226118,93530.0,0.002000,bid
1735657226118,93530.2,0.004000,bid
1735657226126,93530.7,0.039000,bid
1735657226126,93531.3,0.002000,bid
1735657226126,93531.8,0.002000,bid
1735657226126,93532.0,0.003000,bid
1735657226126,93532.2,0.002000,bid
1735657226126,93532.4,0.002000,bid
1735657226127,93532.9,0.020000,bid
1735657226130,93533.5,0.091000,bid
1735657226130,93533.6,0.002000,bid
1735657226130,93533.7,0.011000,bid
1735657226133,93534.0,0.008000,bid
1735657226133,93534.2,0.003000,bid
1735657226133,93534.5,0.002000,bid
1735657226133,93534.6,0.896000,bid
1735657226138,93535.1,0.002000,bid
1735657226138,93535.2,0.963000,bid
1735657226138,93535.3,0.040000,bid
1735657226138,93535.4,0.121000,bid
1735657226138,93535.7,0.004000,bid
1735657226138,93536.0,0.002000,bid
1735657226138,93536.1,0.002000,bid
1735657226138,93536.2,0.984000,bid
1735657226138,93536.3,0.004000,bid
1735657226138,93536.5,0.002000,bid
1735657226138,93536.6,0.004000,bid
1735657226138,93536.9,0.002000,bid
1735657226138,93537.1,0.121000,bid
1735657226138,93537.3,0.003000,bid
1735657226138,93537.4,0.005000,bid
1735657226138,93537.5,0.022000,bid
1735657226138,93537.6,0.005000,bid
1735657226138,93537.8,0.006000,bid
1735657226138,93537.9,0.064000,bid
1735657226138,93538.2,0.002000,bid
1735657226138,93538.3,0.002000,bid
1735657226138,93538.4,0.855000,bid
1735657226142,93538.5,0.008000,bid
1735657226142,93538.6,0.007000,bid
1735657226189,93538.9,0.005000,bid
1735657226189,93539.0,0.002000,bid
1735657226189,93539.1,0.002000,bid
1735657226189,93539.2,0.009000,bid
1735657226189,93539.3,0.019000,bid
1735657226189,93539.4,0.006000,bid
1735657226222,93539.5,0.002000,bid
1735657226222,93539.6,0.002000,bid
1735657226222,93540.0,0.151000,bid
1735657226249,93539.9,0.002000,bid
1735657226249,93540.4,0.004000,bid
1735657226249,93541.3,0.004000,bid
1735657226249,93541.6,0.003000,bid
1735657226249,93541.8,0.002000,bid
1735657226249,93542.1,0.002000,bid
1735657226249,93542.2,0.075000,bid
1735657226249,93542.4,0.055000,bid
1735657226249,93542.5,0.005000,bid
1735657226249,93543.2,0.004000,bid
1735657226249,93543.9,0.004000,bid
1735657226249,93544.1,0.004000,bid
1735657226249,93545.1,0.004000,bid
1735657226249,93545.4,0.002000,bid
1735657226249,93545.7,0.003000,bid
1735657226249,93546.0,0.002000,bid
1735657226249,93546.1,0.012000,bid
1735657226249,93546.4,0.158000,bid
1735657226249,93546.7,0.002000,bid
1735657226249,93546.8,0.002000,bid
1735657226249,93546.9,0.022000,bid
1735657226249,93547.4,0.002000,bid
1735657226249,93547.6,0.002000,bid
1735657226249,93547.7,0.002000,bid
1735657226249,93547.9,0.696000,bid
1735657226249,93548.4,0.006000,bid
1735657226249,93548.5,0.003000,bid
1735657226249,93548.6,0.004000,bid
1735657226249,93548.7,0.059000,bid
1735657226249,93548.8,0.391000,bid
1735657226250,93548.9,0.002000,bid
1735657226250,93549.0,0.066000,bid
1735657226250,93549.2,0.003000,bid
1735657226250,93549.5,0.005000,bid
1735657226250,93549.6,0.028000,bid
1735657226250,93549.7,0.041000,bid
1735657226250,93549.8,0.058000,bid
1735657226250,93550.2,0.710000,bid
1735657226250,93550.7,0.004000,bid
1735657226250,93551.1,0.002000,bid
1735657226250,93551.6,0.018000,bid
1735657226250,93551.8,0.002000,bid
1735657226250,93552.0,0.051000,bid
1735657226250,93552.1,0.146000,bid
1735657226250,93552.5,0.688000,bid
1735657226250,93552.6,0.004000,bid
1735657226250,93552.7,0.002000,bid
1735657226274,93540.1,0.063000,bid
1735657226329,93540.3,0.002000,bid
1735657226333,93541.2,0.002000,bid
1735657226351,93541.8,0.002000,bid
1735657226364,93542.8,0.002000,bid
1735657226364,93543.1,0.002000,bid
1735657226369,93547.6,0.002000,bid
1735657226369,93549.7,0.002000,bid
1735657226380,93551.3,0.002000,bid
1735657226380,93552.7,0.004000,bid
1735657226380,93552.8,0.129000,bid
1735657226400,93552.5,0.374000,ask
1735657226400,93550.0,0.179000,ask
1735657226459,93552.2,0.002000,ask
1735657226525,93552.7,0.006000,bid
1735657226697,93552.6,0.120000,ask
1735657226824,93552.7,0.974000,bid
1735657226824,93553.1,0.003000,bid
1735657226824,93553.4,0.012000,bid
1735657226824,93553.5,0.004000,bid
1735657226824,93553.8,0.003000,bid
1735657226824,93554.2,0.002000,bid
1735657226824,93554.4,0.002000,bid
1735657226824,93555.1,0.002000,bid
1735657226826,93555.4,0.002000,bid
1735657226826,93556.2,0.018000,bid
1735657226826,93556.3,0.004000,bid
1735657226826,93556.7,0.002000,bid
1735657226826,93557.1,0.002000,bid
1735657226826,93557.2,0.002000,bid
1735657226834,93557.8,0.002000,bid
1735657226896,93557.7,0.323000,ask
1735657226933,93557.8,0.026000,bid
1735657226935,93557.7,0.013000,ask
1735657227180,93557.7,0.142000,ask
1735657227618,93557.7,0.025000,ask
1735657227791,93557.7,0.078000,ask
1735657227903,93557.7,0.013000,ask
1735657228041,93557.7,0.001000,ask
1735657228098,93557.8,0.141000,bid
1735657228128,93558.1,0.002000,bid
1735657228128,93558.2,0.003000,bid
1735657228130,93558.4,0.003000,bid
1735657228130,93559.1,0.002000,bid
1735657228308,93560.0,0.003000,bid
1735657228653,93560.0,0.029000,bid
1735657228660,93559.9,0.635000,ask
1735657228790,93559.9,0.171000,ask
1735657228976,93559.9,0.643000,ask
1735657229342,93560.0,0.002000,bid
1735657229595,93559.9,0.026000,ask
1735657229848,93559.9,0.002000,ask
1735657229952,93559.9,0.010000,ask
1735657230338,93560.0,0.012000,bid
1735657230893,93559.9,0.083000,ask
1735657231219,93560.0,0.004000,bid
1735657231498,93559.9,0.126000,ask
1735657232318,93559.9,0.102000,ask
1735657232775,93560.0,0.212000,bid
1735657234220,93560.0,0.003000,bid
1735657234483,93560.0,0.003000,bid
1735657234617,93559.9,0.073000,ask
1735657234662,93560.0,0.105000,bid
1735657235139,93560.0,0.481000,bid
1735657235300,93560.0,0.028000,bid
1735657235643,93560.0,0.002000,bid
1735657236035,93559.9,0.039000,ask
1735657236186,93560.0,0.026000,bid
1735657236365,93559.9,0.324000,ask
1735657236598,93560.0,0.007000,bid
1735657237225,93560.0,0.003000,bid
1735657237597,93559.9,0.016000,ask
1735657237877,93560.0,1.068000,bid
1735657238223,93559.9,0.493000,ask
1735657238393,93559.9,0.046000,ask
1735657238471,93560.0,0.017000,bid
1735657238649,93560.0,0.421000,bid
1735657238991,93559.9,0.049000,ask
1735657239056,93560.0,0.035000,bid
1735657239327,93560.0,0.002000,bid
1735657239386,93559.9,0.015000,ask
1735657239414,93560.0,0.413000,bid
1735657239414,93560.1,0.410000,bid
1735657239415,93560.2,0.014000,bid
1735657239415,93560.3,0.014000,bid
1735657239415,93560.4,0.014000,bid
1735657239415,93560.5,0.016000,bid
1735657239415,93560.6,0.014000,bid
1735657239415,93560.7,0.014000,bid
1735657239415,93560.8,0.016000,bid
1735657239415,93560.9,0.035000,bid
1735657239415,93561.6,0.002000,bid
1735657239421,93562.1,0.003000,bid
1735657239423,93562.6,0.002000,bid
1735657240802,93562.8,0.010000,bid
1735657240952,93562.8,0.009000,bid
1735657241141,93562.8,0.014000,bid
1735657241659,93562.8,1.519000,bid
1735657242152,93562.8,0.033000,bid
1735657242355,93562.8,0.014000,bid
1735657242795,93562.8,0.311000,bid
1735657242796,93562.9,0.105000,bid
1735657242796,93564.0,0.005000,bid
1735657242796,93564.2,0.008000,bid
1735657242796,93564.4,0.002000,bid
1735657242796,93564.6,0.002000,bid
1735657242796,93565.0,0.002000,bid
1735657242796,93565.1,0.002000,bid
1735657242801,93565.6,0.018000,bid
1735657242801,93565.7,0.002000,bid
1735657242801,93565.8,0.046000,bid
1735657242801,93566.0,0.002000,bid
1735657242801,93566.1,0.187000,bid
1735657242801,93566.6,0.002000,bid
1735657242801,93567.6,0.002000,bid
1735657242801,93568.5,0.002000,bid
1735657242813,93568.6,0.021000,bid
1735657242813,93568.8,0.003000,bid
1735657242814,93569.4,0.002000,bid
1735657242814,93569.8,0.002000,bid
1735657242814,93570.0,0.002000,bid
1735657242822,93570.2,0.005000,bid
1735657242822,93570.3,0.018000,bid
1735657242832,93570.4,0.002000,bid
1735657242846,93571.1,0.005000,bid
1735657242847,93571.6,0.003000,bid
1735657242848,93572.2,0.033000,bid
1735657243235,93572.1,0.019000,ask
1735657243653,93572.1,0.004000,ask
1735657244145,93572.1,0.021000,ask
1735657244472,93572.1,0.031000,ask
1735657244709,93572.2,0.075000,bid
1735657245358,93572.2,0.020000,bid
1735657245516,93572.2,0.029000,bid
1735657245758,93572.2,0.106000,bid
1735657246254,93572.1,0.455000,ask
1735657246473,93572.1,0.017000,ask
1735657246483,93572.2,0.003000,bid
1735657246860,93572.2,0.063000,bid
1735657247128,93572.2,0.036000,bid
1735657247267,93572.1,0.073000,ask
1735657247296,93572.2,0.007000,bid
1735657247766,93572.2,0.050000,bid
1735657248060,93572.2,0.064000,bid
1735657248247,93572.2,0.012000,bid
1735657248363,93572.1,0.070000,ask
1735657248542,93572.2,0.023000,bid
1735657248677,93572.1,0.001000,ask
1735657248717,93572.2,0.010000,bid
1735657248902,93572.2,0.023000,bid
1735657249369,93572.2,0.042000,bid
1735657249761,93572.1,0.051000,ask
1735657249822,93572.2,0.037000,bid
1735657249949,93572.2,0.019000,bid
1735657250220,93572.2,0.013000,bid
1735657250339,93572.2,0.037000,bid
1735657250558,93572.1,0.009000,ask
1735657250619,93572.2,0.024000,bid
1735657250637,93572.1,0.004000,ask
1735657250726,93572.2,0.366000,bid
1735657250785,93572.1,0.003000,ask
1735657250836,93572.2,0.002000,bid
1735657251458,93572.2,0.041000,bid
1735657251694,93572.2,0.050000,bid
1735657251915,93572.2,0.686000,bid
1735657252084,93572.2,0.011000,bid
1735657252192,93572.2,0.034000,bid
1735657252548,93572.2,0.042000,bid
1735657252938,93572.2,0.060000,bid
1735657253283,93572.2,0.030000,bid
1735657253400,93572.2,0.028000,bid
1735657253682,93572.2,0.060000,bid
1735657253803,93572.2,0.226000,bid
1735657253804,93572.7,0.002000,bid
1735657253804,93572.8,0.005000,bid
1735657253805,93573.4,0.006000,bid
1735657253807,93574.1,0.003000,bid
1735657253807,93574.7,0.009000,bid
1735657253807,93574.9,0.004000,bid
1735657253807,93575.0,0.018000,bid
1735657253807,93575.1,0.002000,bid
1735657253807,93575.3,0.002000,bid
1735657253829,93575.9,0.002000,bid
1735657253829,93576.0,0.333000,bid
1735657253842,93575.9,0.017000,ask
1735657253861,93576.0,0.131000,bid
1735657253872,93576.6,0.002000,bid
1735657253872,93576.9,0.003000,bid
1735657253872,93577.5,0.003000,bid
1735657253872,93578.0,0.002000,bid
1735657253873,93579.2,0.002000,bid
1735657253890,93579.5,0.002000,bid
1735657253890,93579.6,0.018000,bid
1735657253895,93579.8,0.080000,bid
1735657253895,93579.9,0.153000,bid
1735657253899,93580.0,0.002000,bid
1735657253899,93580.1,0.003000,bid
1735657253899,93580.4,0.004000,bid
1735657253899,93580.8,0.003000,bid
1735657253918,93581.7,0.004000,bid
1735657253949,93582.3,0.002000,bid
1735657253949,93582.6,0.004000,bid
1735657253949,93582.9,0.002000,bid
1735657253949,93583.0,0.004000,bid
1735657253949,93583.1,0.003000,bid
1735657253949,93583.3,0.012000,bid
1735657253949,93583.5,0.004000,bid
1735657253949,93584.3,0.018000,bid
1735657253949,93584.4,0.002000,bid
1735657253949,93584.5,0.002000,bid
1735657253949,93584.7,0.002000,bid
1735657253949,93585.1,0.006000,bid
1735657253949,93585.2,0.002000,bid
1735657253949,93585.3,0.064000,bid
1735657253949,93585.4,0.085000,bid
1735657253949,93585.5,0.003000,bid
1735657253949,93585.9,0.003000,bid
1735657253949,93586.3,0.005000,bid
1735657253949,93586.5,0.002000,bid
1735657253949,93587.1,0.005000,bid
1735657253949,93587.2,0.004000,bid
1735657253949,93587.4,0.003000,bid
1735657253949,93588.0,0.003000,bid
1735657253949,93588.2,0.004000,bid
1735657253949,93588.3,0.002000,bid
1735657253949,93588.4,0.043000,bid
1735657253949,93588.6,0.002000,bid
1735657253949,93589.0,0.020000,bid
1735657253949,93589.1,0.086000,bid
1735657253949,93589.2,0.002000,bid
1735657253950,93589.7,0.003000,bid
1735657253950,93589.8,0.006000,bid
1735657253950,93589.9,0.004000,bid
1735657253950,93590.0,0.048000,bid
1735657253950,93590.1,0.007000,bid
1735657253950,93590.4,0.003000,bid
1735657253950,93590.8,0.099000,bid
1735657253950,93591.0,0.116000,bid
1735657253950,93591.3,0.002000,bid
1735657253950,93591.6,0.513000,bid
1735657253950,93591.7,0.007000,bid
1735657253950,93591.8,0.043000,bid
1735657253950,93591.9,0.121000,bid
1735657253950,93592.2,0.002000,bid
1735657253950,93592.3,0.003000,bid
1735657253950,93592.4,0.108000,bid
1735657253950,93592.6,0.126000,bid
1735657253950,93592.7,0.005000,bid
1735657253950,93592.8,0.150000,bid
1735657253950,93592.9,0.026000,bid
1735657253950,93593.0,0.002000,bid
1735657253950,93593.1,0.006000,bid
1735657253975,93589.1,0.002000,bid
1735657253975,93590.1,0.002000,bid
1735657253975,93590.3,0.013000,bid
1735657253977,93592.3,0.016000,bid
1735657254021,93591.8,0.002000,bid
1735657254100,93593.2,0.063000,bid
1735657254216,93593.2,0.010000,bid
1735657254327,93593.2,0.003000,bid
1735657254377,93593.1,0.025000,ask
1735657254556,93593.2,0.450000,bid
1735657254556,93593.7,0.018000,bid
1735657254558,93593.8,0.004000,bid
1735657254558,93594.0,0.010000,bid
1735657254561,93594.2,0.002000,bid
1735657254633,93594.6,0.026000,ask
1735657254757,93594.6,0.082000,ask
1735657255444,93594.6,0.018000,ask
1735657255864,93594.7,0.039000,bid
1735657256122,93594.6,0.002000,ask
1735657256205,93594.7,0.012000,bid
1735657256363,93594.7,0.593000,bid
1735657256764,93594.6,0.005000,ask
1735657256971,93594.7,0.033000,bid
1735657257186,93594.7,0.207000,bid
1735657257269,93594.6,0.016000,ask
1735657257493,93594.7,0.050000,bid
1735657257698,93594.7,0.006000,bid
1735657258331,93594.7,0.007000,bid
1735657258650,93594.7,0.929000,bid
1735657258894,93594.6,0.024000,ask
1735657258934,93594.7,0.019000,bid
1735657259046,93594.7,0.004000,bid
1735657259610,93594.7,0.054000,bid
1735657259923,93594.7,0.076000,bid
1735657259925,93594.9,0.002000,bid
1735657259925,93595.2,0.002000,bid
1735657259943,93595.6,0.016000,bid
1735657259945,93595.5,0.019000,ask
1735657259952,93595.6,0.051000,bid
1735657259952,93595.7,0.002000,bid
1735657259952,93596.9,0.003000,bid
1735657259952,93597.2,0.002000,bid
1735657259952,93597.5,0.008000,bid
1735657259952,93597.9,0.002000,bid
1735657259952,93598.4,0.018000,bid
1735657259952,93598.5,0.002000,bid
1735657259952,93598.9,0.002000,bid
1735657259952,93599.2,0.003000,bid
1735657259952,93599.3,0.002000,bid
1735657259952,93599.5,0.002000,bid
1735657259952,93599.9,0.006000,bid
1735657260006,93599.9,0.109000,ask
1735657260015,93600.0,0.035000,bid
1735657260017,93599.9,0.100000,ask
1735657260204,93600.0,0.088000,bid
1735657260337,93600.0,0.012000,bid
1735657260471,93600.0,0.012000,bid
1735657260705,93599.9,0.005000,ask
1735657260834,93599.9,0.130000,ask
1735657260954,93599.9,0.003000,ask
1735657260954,93600.0,0.011000,bid
1735657260955,93599.9,0.018000,ask
1735657260964,93600.0,0.006000,bid
1735657261196,93600.0,0.013000,bid
1735657261319,93600.0,0.002000,bid
1735657261460,93599.9,0.010000,ask
1735657261613,93600.0,0.015000,bid
1735657261957,93600.0,0.563000,bid
1735657262180,93600.0,0.839000,bid
1735657262374,93600.0,0.215000,bid
1735657262410,93599.9,0.006000,ask
1735657262441,93600.0,0.039000,bid
1735657262613,93599.9,0.015000,ask
1735657262712,93600.0,0.009000,bid
1735657262752,93599.9,0.010000,ask
1735657262833,93600.0,0.369000,bid
1735657262906,93599.9,0.013000,ask
1735657263024,93600.0,0.010000,bid
1735657263089,93599.9,0.066000,ask
1735657263261,93599.9,0.103000,ask
1735657263401,93599.9,0.007000,ask
1735657263554,93600.0,1.167000,bid
1735657263673,93599.9,0.007000,ask
1735657263782,93599.9,0.002000,ask
1735657263933,93599.9,0.008000,ask
1735657264048,93599.9,0.022000,ask
1735657264568,93599.9,0.005000,ask
1735657264771,93600.0,0.248000,bid
1735657264774,93601.0,0.044000,bid
1735657264774,93601.1,0.112000,bid
1735657264774,93601.5,0.002000,bid
1735657264774,93601.6,0.002000,bid
1735657264776,93601.7,0.003000,bid
1735657264776,93601.8,0.002000,bid
1735657264785,93602.6,0.002000,bid
1735657264785,93603.0,0.028000,bid
1735657264798,93603.5,0.021000,bid
1735657264798,93603.6,0.002000,bid
1735657264798,93603.7,0.002000,bid
1735657264798,93604.2,0.002000,bid
1735657264922,93604.5,0.002000,bid
1735657265015,93604.4,0.012000,ask
1735657265025,93604.5,0.179000,bid
1735657265140,93604.5,0.012000,bid
1735657265144,93604.4,0.004000,ask
1735657265314,93604.4,0.119000,ask
1735657265367,93604.5,0.024000,bid
1735657265669,93604.4,0.005000,ask
1735657265735,93604.5,0.005000,bid
1735657265856,93604.4,0.018000,ask
1735657265880,93604.5,0.556000,bid
1735657265907,93604.4,0.010000,ask
1735657266048,93604.5,0.010000,bid
1735657266048,93604.4,0.006000,ask
1735657266097,93604.5,0.027000,bid
1735657266261,93604.5,0.040000,bid
1735657266423,93604.4,0.034000,ask
1735657266554,93604.4,0.011000,ask
1735657267259,93604.5,0.039000,bid
1735657267339,93604.4,0.103000,ask
1735657267378,93604.5,0.004000,bid
1735657267547,93604.5,0.323000,bid
1735657267945,93604.4,1.187000,ask
1735657267945,93604.1,0.149000,ask
1735657267970,93602.9,0.005000,ask
1735657267970,93602.5,0.025000,ask
1735657267971,93601.4,0.002000,ask
1735657267971,93601.2,0.002000,ask
1735657267972,93600.7,0.002000,ask
1735657267972,93600.4,0.100000,ask
1735657267973,93600.2,0.002000,ask
1735657267973,93600.0,0.002000,ask
1735657267980,93599.9,0.265000,ask
1735657267983,93599.8,0.015000,ask
1735657267983,93599.3,0.002000,ask
1735657267983,93598.9,0.002000,ask
1735657267983,93598.7,0.094000,ask
1735657267984,93598.4,0.018000,ask
1735657267984,93598.3,0.009000,ask
1735657267985,93598.0,0.039000,ask
1735657267985,93597.7,0.201000,ask
1735657267987,93596.9,0.004000,ask
1735657267987,93596.7,0.004000,ask
1735657267987,93596.5,0.080000,ask
1735657267990,93596.3,0.002000,ask
1735657267990,93596.0,0.009000,ask
1735657267990,93595.9,0.002000,ask
1735657267990,93595.8,0.004000,ask
1735657268009,93595.5,0.002000,ask
1735657268009,93595.4,0.002000,ask
1735657268009,93595.3,0.101000,ask
1735657268010,93595.2,0.002000,ask
1735657268012,93595.0,0.035000,ask
1735657268012,93594.9,0.929000,ask
1735657268018,93594.8,0.002000,ask
1735657268018,93594.7,0.065000,ask
1735657268020,93594.6,0.036000,ask
1735657268031,93594.2,0.006000,ask
1735657268031,93593.9,0.004000,ask
1735657268031,93593.7,0.020000,ask
1735657268031,93593.2,0.002000,ask
1735657268031,93593.0,0.004000,ask
1735657268031,93592.7,0.008000,ask
1735657268031,93592.3,0.006000,ask
1735657268031,93592.2,0.002000,ask
1735657268031,93592.0,0.004000,ask
1735657268031,93591.5,0.002000,ask
1735657268031,93591.1,0.004000,ask
1735657268134,93591.0,0.002000,ask
1735657268134,93590.7,0.002000,ask
1735657268134,93590.5,0.009000,ask
1735657268136,93590.1,0.002000,ask
1735657268136,93590.0,0.106000,ask
1735657268153,93590.5,0.159000,ask
1735657268178,93589.2,0.004000,ask
1735657268178,93589.0,0.018000,ask
1735657268178,93588.9,0.004000,ask
1735657268178,93588.6,0.002000,ask
1735657268178,93588.3,0.007000,ask
1735657268178,93587.8,0.002000,ask
1735657268178,93587.3,0.004000,ask
1735657268178,93587.2,0.044000,ask
1735657268178,93587.1,0.055000,ask
1735657268421,93587.2,0.026000,bid
1735657268529,93587.2,0.007000,bid
1735657268792,93587.1,0.193000,ask
1735657268792,93586.4,0.002000,ask
1735657268792,93586.2,0.003000,ask
1735657268792,93585.7,0.004000,ask
1735657268792,93585.4,0.002000,ask
1735657268792,93584.8,0.003000,ask
1735657268792,93584.3,0.018000,ask
1735657268793,93583.4,0.012000,ask
1735657268793,93582.6,0.002000,ask
1735657268795,93582.4,0.021000,ask
1735657268795,93582.3,0.002000,ask
1735657268798,93581.5,0.003000,ask
1735657268808,93581.2,0.128000,ask
1735657268837,93581.1,0.003000,ask
1735657268837,93580.8,0.002000,ask
1735657268837,93580.0,0.002000,ask
1735657268837,93579.8,0.002000,ask
1735657268837,93579.6,0.018000,ask
1735657268847,93579.2,0.002000,ask
1735657268851,93578.9,0.005000,ask
1735657268851,93578.4,0.003000,ask
1735657268851,93578.0,0.002000,ask
1735657268851,93577.6,0.039000,ask
1735657269450,93577.7,0.019000,bid
1735657269551,93577.6,0.011000,ask
1735657269722,93577.7,1.365000,bid
1735657270381,93577.7,0.001000,bid
1735657270814,93577.7,0.358000,bid
1735657270814,93578.4,0.002000,bid
1735657270814,93579.0,0.005000,bid
1735657270814,93580.0,0.002000,bid
1735657270814,93580.6,0.005000,bid
1735657270815,93580.7,0.002000,bid
1735657270815,93581.6,0.002000,bid
1735657270815,93581.9,0.013000,bid
1735657270815,93582.5,0.002000,bid
1735657270815,93583.0,0.005000,bid
1735657270818,93583.5,0.002000,bid
1735657270818,93583.9,0.013000,bid
1735657270818,93584.3,0.018000,bid
1735657270819,93584.4,0.004000,bid
1735657270831,93585.4,0.004000,bid
1735657270837,93586.1,0.002000,bid
1735657270848,93586.3,0.081000,bid
1735657270869,93586.6,0.002000,bid
1735657270869,93587.1,0.001000,bid
1735657270876,93587.1,0.036000,ask
1735657270882,93587.2,0.107000,bid
1735657270882,93588.6,0.002000,bid
1735657270882,93588.8,0.002000,bid
1735657270882,93589.0,0.018000,bid
1735657270895,93589.3,0.003000,bid
1735657270895,93590.6,0.003000,bid
1735657270895,93590.7,0.002000,bid
1735657270895,93590.8,0.013000,bid
1735657270895,93591.9,0.002000,bid
1735657270895,93592.2,0.002000,bid
1735657270919,93593.4,0.006000,bid
1735657271023,93593.4,0.002000,bid
1735657271102,93593.3,0.138000,ask
1735657271106,93593.4,0.417000,bid
1735657271211,93593.3,0.060000,ask
1735657271540,93593.4,0.059000,bid
1735657271998,93593.3,0.003000,ask
1735657272137,93593.4,0.011000,bid
1735657272390,93593.4,0.008000,bid
1735657272687,93593.4,0.003000,bid
1735657273067,93593.4,0.151000,bid
1735657273655,93593.4,0.011000,bid
1735657273947,93593.3,0.030000,ask
1735657273948,93593.4,0.014000,bid
1735657275014,93593.4,0.001000,bid
1735657275171,93593.4,0.003000,bid
1735657275370,93593.4,0.007000,bid
1735657275607,93593.4,0.025000,bid
1735657275757,93593.4,0.023000,bid
1735657276253,93593.4,0.006000,bid
1735657276721,93593.3,0.007000,ask
1735657277032,93593.4,0.021000,bid
1735657277526,93593.4,0.007000,bid
1735657278867,93593.4,0.022000,bid
1735657279109,93593.4,0.015000,bid
1735657279627,93593.4,0.001000,bid
1735657280192,93593.4,0.010000,bid
1735657280416,93593.3,0.022000,ask
1735657280569,93593.4,0.020000,bid
1735657280685,93593.4,0.011000,bid
1735657280705,93593.3,0.050000,ask
1735657281292,93593.4,0.005000,bid
1735657281401,93593.3,0.064000,ask
1735657282087,93593.4,0.003000,bid
1735657282806,93593.3,0.041000,ask
1735657283173,93593.4,0.104000,bid
1735657283387,93593.4,0.010000,bid
1735657283837,93593.4,0.032000,bid
1735657283941,93593.4,0.175000,bid
1735657284837,93593.3,0.013000,ask
1735657284995,93593.4,0.283000,bid
1735657285791,93593.4,0.019000,bid
1735657285924,93593.3,0.417000,ask
1735657286175,93593.3,0.518000,ask
1735657286240,93593.4,0.100000,bid
1735657286259,93593.3,0.021000,ask
1735657286295,93593.4,0.019000,bid
1735657286434,93593.4,0.001000,bid
1735657286843,93593.4,0.020000,bid
1735657287080,93593.4,0.001000,bid
1735657287321,93593.3,0.013000,ask
1735657287690,93593.4,0.112000,bid
1735657288493,93593.4,0.010000,bid
1735657288705,93593.3,0.009000,ask
1735657288845,93593.3,0.006000,ask
1735657290115,93593.4,0.002000,bid
1735657291574,93593.4,0.139000,bid
1735657291741,93593.4,0.002000,bid
1735657292024,93593.4,0.142000,bid
1735657292244,93593.3,0.064000,ask
1735657292470,93593.4,0.100000,bid
1735657292949,93593.4,0.003000,bid
1735657293163,93593.3,0.005000,ask
1735657293173,93593.4,0.106000,bid
1735657293399,93593.4,0.169000,bid
1735657293656,93593.4,0.014000,bid
1735657293952,93593.4,0.002000,bid
1735657294881,93593.3,0.002000,ask
1735657295010,93593.4,0.002000,bid
1735657295354,93593.4,1.011000,bid
1735657295354,93593.7,0.118000,bid
1735657295355,93594.5,0.002000,bid
1735657295355,93594.8,0.002000,bid
1735657295356,93595.8,0.002000,bid
1735657295356,93596.2,0.059000,bid
1735657295356,93596.4,0.028000,bid
1735657295356,93596.8,0.002000,bid
1735657295358,93597.2,0.002000,bid
1735657295358,93597.9,0.002000,bid
1735657295358,93598.2,0.004000,bid
1735657295358,93598.4,0.018000,bid
1735657295358,93598.7,0.005000,bid
1735657295358,93598.8,0.003000,bid
1735657295358,93598.9,0.002000,bid
1735657295358,93599.3,0.002000,bid
1735657295358,93600.0,0.160000,bid
1735657295361,93600.4,0.002000,bid
1735657295361,93600.6,0.002000,bid
1735657295361,93601.0,0.112000,bid
1735657295363,93601.1,0.002000,bid
1735657295380,93601.4,0.328000,bid
1735657295381,93601.6,0.002000,bid
1735657295385,93601.8,0.002000,bid
1735657295385,93602.0,0.003000,bid
1735657295385,93602.2,0.004000,bid
1735657295385,93603.0,0.093000,bid
1735657295439,93603.1,0.032000,ask
1735657295453,93603.2,0.002000,bid
1735657295453,93603.5,0.002000,bid
1735657295453,93604.1,0.002000,bid
1735657295453,93604.5,0.021000,bid
1735657295526,93604.6,0.002000,bid
1735657295656,93604.6,0.063000,bid
1735657296106,93604.6,0.002000,bid
1735657296530,93604.6,0.133000,bid
1735657296896,93604.6,0.014000,bid
1735657297135,93604.5,2.217000,ask
1735657297612,93604.6,0.002000,bid
1735657298630,93604.6,0.014000,bid
1735657298832,93604.6,0.009000,bid
1735657299285,93604.6,0.006000,bid
1735657299597,93604.6,0.134000,bid
1735657299815,93604.5,0.436000,ask
1735657299815,93604.2,0.002000,ask
1735657299815,93603.3,0.010000,ask
1735657299815,93603.2,0.002000,ask
1735657299815,93602.9,0.002000,ask
1735657299815,93602.7,0.008000,ask
1735657299815,93602.6,0.009000,ask
1735657299815,93602.5,0.008000,ask
1735657299815,93602.3,0.004000,ask
1735657299815,93601.6,0.005000,ask
1735657299815,93601.4,0.002000,ask
1735657299815,93601.2,0.053000,ask
1735657299815,93600.5,0.004000,ask
1735657299815,93600.4,0.096000,ask
1735657299815,93600.0,0.004000,ask
1735657299815,93599.5,0.004000,ask
1735657299815,93599.3,0.002000,ask
1735657299815,93599.1,0.008000,ask
1735657299815,93598.6,0.007000,ask
1735657299815,93598.4,0.018000,ask
1735657299815,93598.1,0.008000,ask
1735657299815,93597.7,0.012000,ask
1735657299815,93597.5,0.018000,ask
1735657299815,93597.4,0.026000,ask
1735657299815,93597.2,0.018000,ask
1735657299815,93597.0,0.043000,ask
1735657299815,93596.9,0.008000,ask
1735657299815,93596.8,0.004000,ask
1735657299815,93596.7,0.334000,ask
1735657299815,93596.3,0.002000,ask
1735657299815,93596.0,0.094000,ask
1735657299815,93595.8,0.006000,ask
1735657299815,93595.6,0.002000,ask
1735657299815,93595.5,0.002000,ask
1735657299815,93595.4,0.322000,ask
1735657299815,93595.2,0.086000,ask
1735657299815,93595.1,0.012000,ask
1735657299815,93594.8,0.006000,ask
1735657299815,93594.6,0.003000,ask
1735657299815,93593.9,0.045000,ask
1735657299815,93593.7,0.167000,ask
1735657299815,93593.6,0.203000,ask
1735657299815,93593.5,0.059000,ask
1735657299815,93593.4,0.751000,ask
1735657299815,93593.3,0.139000,ask
1735657299816,93593.2,0.049000,ask
1735657299816,93593.0,0.051000,ask
1735657299816,93592.9,0.008000,ask
1735657299816,93592.8,0.043000,ask
1735657299816,93592.2,0.002000,ask
1735657299816,93592.0,0.055000,ask
1735657299816,93591.8,0.052000,ask
1735657299816,93591.7,0.006000,ask
1735657299816,93591.3,0.003000,ask
1735657299816,93591.1,0.146000,ask
1735657299816,93590.7,0.004000,ask
1735657299816,93590.5,0.154000,ask
1735657299816,93590.4,0.017000,ask
1735657299816,93590.3,0.020000,ask
1735657299816,93590.2,0.004000,ask
1735657299816,93590.0,0.043000,ask
1735657299816,93589.8,0.029000,ask
1735657299816,93589.7,0.004000,ask
1735657299816,93589.6,0.524000,ask
1735657299816,93589.5,0.129000,ask
1735657299816,93589.3,0.134000,ask
1735657299816,93589.2,0.058000,ask
1735657299816,93589.1,0.131000,ask
1735657299816,93589.0,0.280000,ask
1735657299831,93592.5,0.006000,ask
1735657299906,93592.6,0.014000,bid
1735657300083,93592.6,0.034000,bid
1735657300265,93592.6,0.210000,bid
1735657300303,93592.9,0.004000,bid
1735657300541,93593.7,0.040000,bid
1735657300541,93593.8,0.004000,bid
1735657300541,93594.7,0.002000,bid
1735657300541,93595.7,0.002000,bid
1735657300541,93596.6,0.002000,bid
1735657300543,93596.8,0.002000,bid
1735657300619,93597.6,0.002000,bid
1735657300619,93598.4,0.018000,bid
1735657300625,93598.5,0.002000,bid
1735657300627,93598.4,0.004000,ask
1735657300779,93598.5,0.064000,bid
1735657300962,93598.5,0.029000,bid
1735657301645,93598.5,0.027000,bid
1735657301661,93600.0,0.004000,bid
1735657301662,93600.4,0.002000,bid
1735657301760,93601.4,0.200000,ask
1735657302029,93601.5,0.014000,bid
1735657302218,93601.5,0.005000,bid
1735657302650,93601.4,0.005000,ask
1735657302799,93601.5,0.003000,bid
1735657303182,93601.5,0.380000,bid
1735657303469,93601.5,0.015000,bid
1735657303619,93601.5,0.028000,bid
1735657303636,93601.4,0.021000,ask
1735657303758,93601.5,0.003000,bid
1735657304246,93601.4,0.003000,ask
1735657304496,93601.5,0.066000,bid
1735657305559,93601.5,0.009000,bid
1735657306348,93601.5,0.014000,bid
1735657306979,93601.5,0.001000,bid
1735657307255,93601.5,0.023000,bid
1735657307421,93601.5,0.284000,bid
1735657307425,93602.8,0.004000,bid
1735657307425,93603.0,0.018000,bid
1735657307425,93603.2,0.002000,bid
1735657307427,93604.5,0.050000,bid
1735657307427,93604.6,4.724000,bid
1735657307446,93604.7,0.007000,bid
1735657307455,93605.1,0.005000,bid
1735657307455,93605.3,0.003000,bid
1735657307462,93605.5,0.003000,bid
1735657307496,93606.0,0.004000,bid
1735657307496,93606.4,0.002000,bid
1735657307496,93606.9,0.002000,bid
1735657307496,93607.3,0.002000,bid
1735657307496,93607.5,0.002000,bid
1735657307497,93607.7,0.023000,bid
1735657307497,93607.8,0.002000,bid
1735657307497,93607.9,0.004000,bid
1735657307497,93608.0,0.006000,bid
1735657307497,93608.1,0.002000,bid
1735657307497,93608.5,0.026000,bid
1735657307497,93608.8,0.006000,bid
1735657307497,93609.4,0.008000,bid
1735657307497,93609.5,0.002000,bid
1735657307497,93609.6,0.006000,bid
1735657307550,93609.7,0.044000,bid
1735657308170,93609.7,0.004000,bid
1735657308576,93609.7,0.010000,bid
1735657308828,93609.7,0.010000,bid
1735657309094,93609.7,0.002000,bid
1735657309538,93609.7,0.016000,bid
1735657309943,93609.7,0.030000,bid
1735657310097,93609.7,0.006000,bid
1735657310747,93609.7,0.012000,bid
1735657310956,93609.7,0.030000,bid
1735657311097,93609.7,0.013000,bid
1735657311268,93609.7,0.002000,bid
1735657311525,93609.7,0.003000,bid
1735657311698,93609.7,0.002000,bid
1735657311753,93609.6,0.474000,ask
1735657312092,93609.7,0.010000,bid
1735657312497,93609.7,0.986000,bid
1735657312497,93609.8,0.510000,bid
1735657312497,93609.9,0.211000,bid
1735657312497,93610.0,0.004000,bid
1735657312497,93610.7,0.033000,bid
1735657312497,93611.0,0.010000,bid
1735657312497,93611.3,0.003000,bid
1735657312497,93612.4,0.018000,bid
1735657312497,93612.8,0.002000,bid
1735657312498,93613.0,0.021000,bid
1735657312498,93613.1,0.004000,bid
1735657312498,93613.3,0.005000,bid
1735657312498,93613.5,0.004000,bid
1735657312498,93613.9,0.002000,bid
1735657312498,93614.0,0.003000,bid
1735657312498,93614.7,0.005000,bid
1735657312498,93614.8,0.002000,bid
1735657312498,93614.9,0.006000,bid
1735657312498,93615.0,0.004000,bid
1735657312498,93615.3,0.008000,bid
1735657312504,93615.4,0.004000,bid
1735657312504,93615.6,0.002000,bid
1735657312504,93616.0,0.002000,bid
1735657312504,93616.3,0.006000,bid
1735657312504,93616.4,0.002000,bid
1735657312504,93616.6,0.002000,bid
1735657312504,93616.7,0.002000,bid
1735657312504,93616.9,0.043000,bid
1735657312507,93617.1,0.020000,bid
1735657312531,93618.1,0.023000,ask
1735657312534,93618.2,0.091000,bid
1735657312642,93619.1,0.002000,bid
1735657312643,93619.0,0.013000,ask
1735657312645,93619.1,0.002000,bid
1735657312654,93619.4,0.034000,bid
1735657312667,93620.0,0.002000,bid
1735657312667,93620.1,0.004000,bid
1735657312676,93620.2,0.002000,bid
1735657312676,93620.3,0.008000,bid
1735657312676,93620.4,0.004000,bid
1735657312676,93620.6,0.004000,bid
1735657312676,93621.0,0.005000,bid
1735657312676,93621.3,0.002000,bid
1735657312676,93621.5,0.001000,bid
1735657312676,93621.7,0.034000,bid
1735657312676,93621.8,0.018000,bid
1735657312680,93622.5,0.001000,bid
1735657312686,93622.9,0.002000,bid
1735657312686,93623.1,0.002000,bid
1735657312687,93623.5,0.002000,bid
1735657312687,93623.6,0.010000,bid
1735657312701,93623.7,0.002000,bid
1735657312825,93623.7,0.033000,bid
1735657312968,93623.7,0.005000,bid
1735657313263,93623.6,0.006000,ask
1735657313275,93623.7,0.005000,bid
1735657313294,93623.6,0.002000,ask
1735657313596,93623.7,0.041000,bid
1735657313701,93623.7,0.005000,bid
1735657314035,93623.6,0.100000,ask
1735657314224,93623.7,0.009000,bid
1735657314583,93623.7,0.005000,bid
1735657314783,93623.7,0.300000,bid
1735657315280,93623.7,0.005000,bid
1735657315613,93623.7,0.104000,bid
1735657315722,93623.7,0.020000,bid
1735657315822,93623.6,0.003000,ask
1735657315980,93623.6,0.003000,ask
1735657316130,93623.7,1.273000,bid
1735657316197,93623.8,0.496000,bid
1735657316197,93623.9,0.126000,bid
1735657316477,93623.9,0.105000,bid
1735657316479,93624.4,0.002000,bid
1735657316479,93624.5,0.003000,bid
1735657316479,93624.6,0.030000,bid
1735657316479,93624.8,0.035000,bid
1735657316479,93625.0,0.011000,bid
1735657316479,93626.0,0.002000,bid
1735657316479,93626.4,0.018000,bid
1735657316484,93627.2,0.006000,bid
1735657316577,93627.3,0.036000,bid
1735657316577,93627.6,0.004000,bid
1735657316577,93628.2,0.014000,bid
1735657316577,93628.5,0.005000,bid
1735657316577,93629.4,0.002000,bid
1735657316577,93629.6,0.003000,bid
1735657316577,93630.4,0.004000,bid
1735657316577,93630.6,0.002000,bid
1735657316577,93630.8,0.047000,bid
1735657316577,93631.1,0.018000,bid
1735657316577,93631.3,0.002000,bid
1735657316577,93631.5,0.003000,bid
1735657316577,93631.6,0.002000,bid
1735657316577,93631.7,0.003000,bid
1735657316577,93632.0,0.002000,bid
1735657316577,93632.1,0.002000,bid
1735657316577,93633.1,0.004000,bid
1735657316577,93633.3,0.003000,bid
1735657316577,93634.0,0.002000,bid
1735657316577,93634.1,0.003000,bid
1735657316819,93634.1,0.084000,bid
1735657317050,93634.0,0.005000,ask
1735657317087,93634.1,0.003000,bid
1735657317371,93634.0,0.018000,ask
1735657317434,93634.1,0.008000,bid
1735657318080,93634.0,0.012000,ask
1735657318218,93634.1,0.400000,bid
1735657318323,93634.1,0.017000,bid
1735657318473,93634.1,0.002000,bid
1735657318473,93634.8,0.002000,bid
1735657318473,93635.0,0.002000,bid
1735657318473,93635.1,0.002000,bid
1735657318473,93635.3,0.003000,bid
1735657318473,93635.4,0.002000,bid
1735657318475,93635.8,0.018000,bid
1735657318480,93636.4,0.007000,bid
1735657318480,93636.9,0.002000,bid
1735657318480,93637.1,0.002000,bid
1735657318480,93637.2,0.010000,bid
1735657318480,93637.3,0.003000,bid
1735657318480,93637.4,0.006000,bid
1735657318484,93637.5,0.007000,bid
1735657318508,93637.6,0.035000,ask
1735657318832,93637.7,0.132000,bid
1735657319356,93637.7,0.300000,bid
1735657319639,93637.6,0.110000,ask
1735657319859,93637.7,0.010000,bid
1735657320111,93637.7,0.007000,bid
1735657320223,93637.6,3.963000,ask
1735657320339,93637.7,0.004000,bid
1735657320521,93637.6,0.011000,ask
1735657320521,93637.0,0.004000,ask
1735657320524,93636.4,0.037000,ask
1735657320528,93636.0,0.002000,ask
1735657320528,93635.4,0.002000,ask
1735657320528,93635.2,0.002000,ask
1735657320744,93634.9,0.427000,bid
1735657321089,93634.8,0.026000,ask
1735657321283,93634.9,0.004000,bid
1735657321305,93634.8,0.092000,ask
1735657321733,93634.9,0.369000,bid
1735657321934,93634.9,2.212000,bid
1735657322064,93634.8,0.020000,ask
1735657322172,93634.8,0.007000,ask
1735657322497,93634.9,0.015000,bid
1735657322854,93634.9,0.019000,bid
1735657323072,93634.9,0.005000,bid
1735657323352,93634.8,0.051000,ask
1735657323433,93634.9,0.168000,bid
1735657323588,93634.9,0.016000,bid
1735657323846,93634.8,0.022000,ask
1735657323929,93634.9,0.071000,bid
1735657323993,93635.1,0.002000,bid
1735657324222,93635.2,0.071000,bid
1735657324275,93636.0,0.002000,bid
1735657324275,93637.6,0.002000,bid
1735657324275,93637.7,0.331000,bid
1735657324275,93637.8,0.058000,bid
1735657324277,93637.7,0.032000,ask
1735657325906,93637.8,0.015000,bid
1735657326021,93637.7,0.002000,ask
1735657326030,93637.8,0.002000,bid
1735657326221,93637.8,0.008000,bid
1735657326327,93637.8,0.002000,bid
1735657326388,93637.7,0.006000,ask
1735657326518,93637.7,0.007000,ask
1735657326679,93637.8,0.213000,bid
1735657326685,93637.7,0.005000,ask
1735657326694,93637.8,0.027000,bid
1735657326822,93637.7,0.012000,ask
1735657326895,93637.8,0.779000,bid
1735657326912,93637.9,0.492000,bid
1735657326913,93638.0,0.211000,bid
1735657326913,93638.2,0.002000,bid
1735657326913,93638.5,0.089000,bid
1735657326915,93639.0,0.008000,bid
1735657326915,93639.3,0.002000,bid
1735657326915,93639.4,0.002000,bid
1735657326915,93639.6,0.002000,bid
1735657326915,93639.7,0.002000,bid
1735657326915,93639.9,0.003000,bid
1735657326915,93640.0,0.008000,bid
1735657326933,93640.2,0.003000,bid
1735657326938,93640.5,0.018000,bid
1735657326938,93640.7,0.004000,bid
1735657326970,93640.8,0.011000,bid
1735657326970,93641.6,0.002000,bid
1735657326970,93641.7,0.003000,bid
1735657326988,93642.0,0.011000,bid
1735657327029,93641.9,0.003000,ask
1735657327149,93641.9,0.002000,ask
1735657327228,93642.0,0.016000,bid
1735657327402,93641.9,0.005000,ask
1735657327531,93641.9,0.010000,ask
1735657327699,93642.0,0.132000,bid
1735657327749,93641.9,0.005000,ask
1735657327773,93642.0,0.064000,bid
1735657327837,93641.9,0.005000,ask
1735657328221,93642.0,0.069000,bid
1735657328223,93642.2,0.002000,bid
1735657328223,93642.6,0.004000,bid
1735657328223,93643.4,0.003000,bid
1735657328223,93643.5,0.002000,bid
1735657328223,93643.7,0.008000,bid
1735657328223,93643.8,0.002000,bid
1735657328224,93643.9,0.003000,bid
1735657328226,93644.3,0.026000,bid
1735657328448,93644.3,0.007000,ask
1735657328632,93644.3,0.003000,ask
1735657328853,93644.3,0.003000,ask
1735657328909,93644.4,0.043000,bid
1735657328911,93644.7,0.002000,bid
1735657328913,93644.8,0.020000,bid
1735657329288,93644.9,0.123000,bid
1735657329348,93645.2,0.018000,bid
1735657329348,93645.4,0.002000,bid
1735657329348,93646.2,0.002000,bid
1735657329348,93647.7,0.034000,bid
1735657329348,93648.0,0.002000,bid
1735657329348,93648.2,0.002000,bid
1735657329348,93648.4,0.020000,bid
1735657329348,93649.0,0.004000,bid
1735657329348,93649.1,0.004000,bid
1735657329348,93649.3,0.038000,bid
1735657329348,93649.4,0.044000,bid
1735657329348,93649.5,0.044000,bid
1735657329348,93649.6,0.045000,bid
1735657329348,93649.8,0.002000,bid
1735657329348,93649.9,0.020000,bid
1735657329348,93650.0,0.597000,bid
1735657329349,93650.1,0.008000,bid
1735657329349,93650.8,0.043000,bid
1735657329349,93650.9,0.041000,bid
1735657329349,93651.0,0.002000,bid
1735657329349,93651.4,0.003000,bid
1735657329349,93651.5,0.011000,bid
1735657329349,93651.7,0.013000,bid
1735657329349,93651.8,0.949000,bid
1735657329350,93651.9,0.505000,bid
1735657329350,93652.0,0.211000,bid
1735657329350,93652.2,0.002000,bid
1735657329350,93652.8,0.043000,bid
1735657329350,93652.9,0.002000,bid
1735657329350,93653.0,0.088000,bid
1735657329350,93653.2,0.016000,bid
1735657329350,93653.6,0.032000,bid
1735657329350,93653.7,0.002000,bid
1735657329350,93653.8,0.005000,bid
1735657329350,93654.1,0.002000,bid
1735657329350,93654.3,0.002000,bid
1735657329350,93654.4,0.003000,bid
1735657329350,93654.5,0.018000,bid
1735657329350,93654.6,0.004000,bid
1735657329350,93654.7,0.002000,bid
1735657329350,93654.8,0.724000,bid
1735657329360,93655.0,0.105000,bid
1735657329360,93655.3,0.042000,bid
1735657329360,93655.7,0.002000,bid
1735657329360,93655.8,0.005000,bid
1735657329360,93656.1,0.002000,bid
1735657329360,93656.2,0.002000,bid
1735657329360,93656.5,0.035000,bid
1735657329360,93656.6,0.081000,bid
1735657329362,93657.0,0.002000,bid
1735657329362,93657.2,0.002000,bid
1735657329362,93657.3,0.041000,bid
1735657329362,93657.4,0.109000,bid
1735657329362,93657.5,0.014000,bid
1735657329362,93657.6,0.002000,bid
1735657329362,93658.2,0.002000,bid
1735657329362,93658.3,0.679000,bid
1735657329386,93658.4,0.004000,bid
1735657329386,93659.2,0.018000,bid
1735657329386,93659.5,0.010000,bid
1735657329386,93659.8,0.042000,bid
1735657329388,93660.0,0.012000,bid
1735657329390,93660.4,0.002000,bid
1735657329390,93661.2,0.004000,bid
1735657329390,93661.3,0.002000,bid
1735657329390,93661.5,0.002000,bid
1735657329391,93661.9,0.065000,bid
1735657329405,93662.1,0.001000,bid
1735657329405,93660.5,0.001000,ask
1735657329408,93662.1,0.003000,bid
1735657329408,93662.2,0.003000,bid
1735657329408,93662.4,0.002000,bid
1735657329408,93662.5,0.016000,bid
1735657329414,93662.6,0.030000,bid
1735657329414,93662.8,0.114000,bid
1735657329444,93662.9,0.534000,bid
1735657329444,93663.2,0.002000,bid
1735657329444,93663.4,0.040000,bid
1735657329444,93663.5,0.002000,bid
1735657329444,93663.9,0.020000,bid
1735657329444,93664.3,0.005000,bid
1735657329444,93664.6,0.002000,bid
1735657329444,93665.0,0.056000,bid
1735657329444,93665.1,0.053000,bid
1735657329444,93665.3,0.057000,bid
1735657329444,93665.7,0.002000,bid
1735657329444,93665.8,0.939000,bid
1735657329444,93665.9,0.495000,bid
1735657329444,93666.0,0.241000,bid
1735657329444,93666.3,0.002000,bid
1735657329444,93666.4,0.007000,bid
1735657329444,93666.6,0.005000,bid
1735657329444,93666.7,0.002000,bid
1735657329444,93667.3,0.002000,bid
1735657329444,93667.4,0.002000,bid
1735657329444,93667.8,0.008000,bid
1735657329444,93668.1,0.003000,bid
1735657329444,93668.3,0.002000,bid
1735657329444,93668.4,0.797000,bid
1735657329444,93668.5,0.006000,bid
1735657329444,93668.6,0.026000,bid
1735657329444,93668.9,0.005000,bid
1735657329444,93669.1,0.015000,bid
1735657329444,93669.6,0.004000,bid
1735657329444,93669.7,0.006000,bid
1735657329444,93669.9,0.004000,bid
1735657329444,93670.1,0.074000,bid
1735657329444,93670.2,0.029000,bid
1735657329444,93670.3,0.099000,bid
1735657329444,93670.5,0.009000,bid
1735657329643,93668.0,0.042000,bid
1735657329657,93667.9,0.297000,ask
1735657329734,93667.1,0.127000,bid
1735657329753,93667.0,0.372000,ask
1735657329759,93666.9,0.124000,ask
1735657329763,93666.3,0.053000,ask
1735657329763,93665.7,0.090000,ask
1735657329763,93665.5,0.106000,ask
1735657329766,93665.2,0.002000,ask
1735657329766,93664.8,0.008000,ask
1735657329766,93664.7,0.003000,ask
1735657329768,93663.9,0.018000,ask
1735657329771,93664.0,0.008000,bid
1735657329780,93663.3,0.003000,bid
1735657329781,93663.2,0.002000,ask
1735657329781,93662.4,0.002000,ask
1735657329782,93661.8,0.002000,ask
1735657329782,93661.8,0.013000,bid
1735657329785,93661.5,0.006000,bid
1735657329788,93661.4,0.002000,ask
1735657329788,93660.5,0.002000,ask
1735657329788,93660.0,0.002000,ask
1735657329794,93659.8,0.003000,bid
1735657329805,93659.3,0.026000,bid
1735657329954,93659.3,0.732000,bid
1735657330347,93659.2,0.908000,ask
1735657330489,93659.3,0.003000,bid
1735657330666,93659.3,0.003000,bid
1735657330764,93659.2,1.368000,ask
1735657330765,93659.1,0.002000,ask
1735657330770,93658.6,0.009000,ask
1735657330770,93658.5,0.002000,ask
1735657330770,93658.2,0.003000,ask
1735657330770,93657.8,0.002000,ask
1735657330770,93657.7,0.004000,ask
1735657330772,93656.9,0.213000,ask
1735657330772,93656.7,0.056000,ask
1735657330772,93656.5,0.002000,ask
1735657330772,93656.3,0.003000,ask
1735657330772,93655.8,0.002000,ask
1735657330772,93655.3,0.005000,ask
1735657330773,93654.9,0.002000,ask
1735657330773,93654.6,0.203000,ask
1735657330773,93654.5,0.018000,ask
1735657330773,93654.1,0.004000,ask
1735657330773,93653.9,0.022000,ask
1735657330773,93653.7,0.004000,ask
1735657330773,93653.6,0.331000,ask
1735657330773,93653.5,0.004000,ask
1735657330773,93653.1,0.003000,ask
1735657330773,93653.0,0.044000,ask
1735657330773,93652.8,0.011000,ask
1735657330773,93652.2,0.002000,ask
1735657330773,93652.0,0.111000,ask
1735657330778,93651.1,0.004000,ask
1735657330778,93650.8,0.034000,ask
1735657330778,93650.7,0.008000,ask
1735657330778,93650.2,0.004000,ask
1735657330778,93650.1,0.006000,ask
1735657330778,93650.0,0.002000,ask
1735657330778,93649.9,0.819000,ask
1735657330778,93649.8,0.002000,ask
1735657330786,93649.7,0.002000,ask
1735657330786,93649.4,0.002000,ask
1735657330786,93649.3,0.002000,ask
1735657330786,93649.2,0.009000,ask
1735657330786,93649.1,0.640000,ask
1735657330786,93649.0,0.002000,ask
1735657330786,93648.9,0.005000,ask
1735657330786,93648.7,0.002000,ask
1735657330786,93648.4,0.002000,ask
1735657330786,93648.3,0.004000,ask
1735657330787,93647.9,0.042000,ask
1735657330787,93647.4,0.004000,ask
1735657330787,93647.1,0.003000,ask
1735657330787,93646.8,0.028000,ask
1735657330788,93646.4,0.004000,ask
1735657330788,93646.2,0.005000,ask
1735657330788,93645.9,0.047000,ask
1735657330794,93645.5,0.002000,ask
1735657330794,93645.4,0.003000,ask
1735657330794,93645.2,0.018000,ask
1735657330794,93645.0,0.002000,ask
1735657330794,93644.8,0.206000,ask
1735657330794,93644.7,0.004000,ask
1735657330794,93644.6,0.273000,ask
1735657330794,93644.3,0.432000,ask
1735657330808,93644.2,0.004000,ask
1735657330808,93643.6,0.005000,ask
1735657330808,93643.5,0.002000,ask
1735657330808,93643.3,0.002000,ask
1735657330808,93643.0,0.016000,ask
1735657330808,93642.9,0.004000,ask
1735657330808,93642.3,0.002000,ask
1735657330808,93642.1,0.231000,ask
1735657330808,93641.9,0.006000,ask
1735657330812,93646.3,0.002000,ask
1735657330812,93645.5,0.002000,ask
1735657330821,93645.7,0.002000,ask
1735657330822,93645.5,0.002000,ask
1735657330824,93641.9,0.001000,ask
1735657330824,93641.4,0.003000,ask
1735657330824,93641.0,0.016000,ask
1735657330828,93640.8,0.854000,ask
1735657330865,93640.7,0.002000,ask
1735657330865,93640.5,0.018000,ask
1735657330865,93640.0,0.008000,ask
1735657330871,93639.6,0.144000,ask
1735657330872,93639.5,0.006000,ask
1735657330872,93639.4,0.002000,ask
1735657330872,93639.1,0.008000,ask
1735657330872,93639.0,0.253000,ask
1735657330873,93639.4,0.080000,ask
1735657330873,93639.0,0.569000,ask
1735657330880,93638.7,0.002000,ask
1735657330880,93638.4,0.004000,ask
1735657330880,93638.1,0.002000,ask
1735657330880,93637.8,0.032000,ask
1735657330880,93637.7,0.136000,ask
1735657330880,93637.6,0.008000,ask
1735657330886,93637.5,0.073000,ask
1735657330886,93637.1,0.016000,ask
1735657330887,93636.8,0.002000,ask
1735657330887,93636.6,0.041000,ask
1735657330889,93636.3,0.072000,ask
1735657330890,93635.8,0.020000,ask
1735657330921,93636.9,0.033000,bid
1735657330923,93635.8,0.071000,ask
1735657330939,93635.4,0.006000,ask
1735657330939,93635.3,0.534000,ask
1735657330939,93635.2,0.004000,ask
1735657330939,93634.9,0.108000,ask
1735657330939,93634.8,0.573000,ask
1735657330939,93634.2,0.004000,ask
1735657330939,93634.1,0.005000,ask
1735657330939,93634.0,0.019000,ask
1735657330939,93633.3,0.010000,ask
1735657330939,93633.2,0.295000,ask
1735657330939,93633.1,0.144000,ask
1735657330939,93632.8,0.002000,ask
1735657330939,93632.7,0.855000,ask
1735657330939,93632.5,0.003000,ask
1735657330939,93632.4,0.002000,ask
1735657330939,93631.9,0.004000,ask
1735657330939,93631.5,0.002000,ask
1735657330939,93631.4,0.004000,ask
1735657330939,93631.2,0.002000,ask
1735657330939,93631.1,0.018000,ask
1735657330939,93631.0,0.002000,ask
1735657330939,93630.5,0.002000,ask
1735657330939,93630.3,0.712000,ask
1735657330939,93630.0,0.033000,ask
1735657330939,93629.7,0.002000,ask
1735657330939,93629.5,0.002000,ask
1735657330939,93628.7,0.002000,ask
1735657330939,93628.1,0.002000,ask
1735657330939,93627.8,0.002000,ask
1735657330939,93627.7,0.017000,ask
1735657330939,93627.3,0.005000,ask
1735657330939,93627.1,0.042000,ask
1735657330939,93626.8,0.013000,ask
1735657330939,93626.4,0.018000,ask
1735657330939,93626.3,0.008000,ask
1735657330939,93626.0,0.007000,ask
1735657330939,93625.6,0.002000,ask
1735657330939,93625.4,0.002000,ask
1735657330939,93625.3,0.002000,ask
1735657330939,93625.1,0.029000,ask
1735657330939,93625.0,0.002000,ask
1735657330939,93624.7,0.002000,ask
1735657330939,93624.6,0.090000,ask
1735657330939,93624.4,0.010000,ask
1735657330939,93624.3,0.794000,ask
1735657330939,93624.2,0.014000,ask
1735657330939,93624.0,0.055000,ask
1735657330939,93623.7,0.102000,ask
1735657330939,93623.6,0.038000,ask
1735657330940,93623.5,0.006000,ask
1735657330940,93622.7,0.009000,ask
1735657330940,93622.6,0.002000,ask
1735657330940,93622.5,0.004000,ask
1735657330940,93622.4,0.871000,ask
1735657330940,93622.1,0.004000,ask
1735657330940,93621.8,0.031000,ask
1735657330940,93621.7,0.003000,ask
1735657330940,93621.6,0.043000,ask
1735657330940,93621.3,0.015000,ask
1735657330940,93621.1,0.002000,ask
1735657330940,93620.9,0.010000,ask
1735657330940,93620.8,0.056000,ask
1735657330940,93620.7,0.002000,ask
1735657330940,93620.6,0.002000,ask
1735657330940,93620.3,0.023000,ask
1735657330940,93620.2,0.855000,ask
1735657330940,93620.0,0.002000,ask
1735657330940,93619.8,0.855000,ask
1735657330940,93619.7,0.043000,ask
1735657330940,93619.5,0.009000,ask
1735657330940,93619.4,0.802000,ask
1735657330940,93619.2,0.004000,ask
1735657330940,93619.1,0.018000,ask
1735657330940,93619.0,0.002000,ask
1735657330940,93618.8,0.043000,ask
1735657330940,93618.6,0.012000,ask
1735657330940,93618.5,0.008000,ask
1735657330940,93618.4,0.054000,ask
1735657330940,93618.3,0.855000,ask
1735657330940,93618.2,0.064000,ask
1735657330940,93618.1,0.048000,ask
1735657330940,93618.0,0.011000,ask
1735657330940,93617.8,0.009000,ask
1735657330940,93617.7,0.015000,ask
1735657330940,93617.4,0.013000,ask
1735657330940,93617.1,0.027000,ask
1735657330940,93616.7,0.009000,ask
1735657330940,93616.6,0.002000,ask
1735657330940,93616.4,0.017000,ask
1735657330940,93616.3,0.417000,ask
1735657330940,93616.2,0.005000,ask
1735657330940,93616.0,0.560000,ask
1735657330940,93615.9,0.053000,ask
1735657330940,93615.8,0.009000,ask
1735657330940,93615.7,0.002000,ask
1735657330940,93615.6,0.032000,ask
1735657330940,93615.5,0.004000,ask
1735657330940,93615.3,0.003000,ask
1735657330940,93615.2,0.058000,ask
1735657330940,93614.9,0.013000,ask
1735657330940,93614.7,0.002000,ask
1735657330940,93614.6,0.020000,ask
1735657330940,93614.5,0.775000,ask
1735657330940,93614.4,0.043000,ask
1735657330940,93614.3,0.002000,ask
1735657330940,93614.2,0.377000,ask
1735657330947,93633.2,0.200000,bid
1735657330947,93633.6,0.622000,bid
1735657330947,93633.7,0.036000,bid
1735657330947,93635.9,0.770000,bid
1735657330947,93636.1,0.070000,bid
1735657330947,93636.4,0.386000,bid
1735657330947,93636.7,0.288000,bid
1735657330947,93636.9,1.050000,bid
1735657330947,93637.1,0.050000,bid
1735657330947,93637.2,0.028000,bid
1735657330952,93632.5,0.427000,bid
1735657330952,93633.3,0.435000,bid
1735657330952,93633.4,0.435000,bid
1735657330952,93634.1,0.435000,bid
1735657330952,93634.2,0.435000,bid
1735657330952,93634.9,0.862000,bid
1735657330952,93635.0,0.435000,bid
1735657330952,93635.4,1.124000,bid
1735657330973,93632.2,0.328000,ask
1735657331009,93632.3,0.106000,ask
1735657331009,93632.2,0.313000,ask
1735657331084,93624.5,1.400000,bid
1735657331093,93624.8,0.999000,bid
1735657331130,93623.1,0.011000,ask
1735657331130,93622.8,0.002000,ask
1735657331130,93622.5,0.002000,ask
1735657331130,93620.5,0.125000,ask
1735657331154,93620.6,0.093000,bid
1735657331196,93620.4,0.080000,ask
1735657331316,93620.4,0.020000,ask
1735657331385,93620.5,0.043000,bid
1735657331732,93620.5,0.002000,bid
1735657331836,93620.4,0.030000,ask
1735657332449,93620.4,0.024000,ask
1735657332554,93620.4,0.062000,ask
1735657332587,93620.5,0.067000,bid
1735657332745,93620.5,0.500000,bid
1735657332900,93620.5,0.005000,bid
1735657333123,93620.5,0.050000,bid
1735657333413,93620.5,0.606000,bid
1735657333593,93620.5,0.320000,bid
1735657333593,93620.6,0.003000,bid
1735657333593,93621.0,0.002000,bid
1735657333593,93621.8,0.018000,bid
1735657333593,93623.1,0.008000,bid
1735657333593,93624.0,0.296000,bid
1735657333594,93624.1,0.801000,bid
1735657333595,93624.6,0.002000,bid
1735657333595,93624.7,0.050000,bid
1735657333595,93624.9,0.002000,bid
1735657333595,93625.2,0.002000,bid
1735657333595,93625.8,0.003000,bid
1735657333595,93626.0,0.096000,bid
1735657333595,93626.4,0.027000,bid
1735657333595,93626.5,0.002000,bid
1735657333595,93626.9,0.004000,bid
1735657333595,93627.0,0.040000,bid
1735657333595,93627.7,0.013000,bid
1735657333600,93628.5,0.002000,bid
1735657333643,93629.9,0.042000,bid
1735657333775,93629.9,0.002000,bid
1735657333950,93629.9,0.006000,bid
1735657334136,93629.9,0.016000,bid
1735657334136,93630.4,0.002000,bid
1735657334138,93631.1,0.018000,bid
1735657334138,93631.3,0.004000,bid
1735657334138,93632.0,0.002000,bid
1735657334138,93632.2,0.003000,bid
1735657334138,93632.3,0.002000,bid
1735657334145,93632.6,0.011000,bid
1735657334154,93633.2,0.002000,bid
1735657334154,93634.0,0.002000,bid
1735657334154,93634.1,0.002000,bid
1735657334154,93634.5,0.002000,bid
1735657334161,93635.1,0.004000,bid
1735657334161,93635.4,0.002000,bid
1735657334161,93635.8,0.018000,bid
1735657334162,93636.0,0.004000,bid
1735657334162,93636.3,0.071000,bid
1735657334168,93636.9,0.007000,bid
1735657334168,93637.5,0.002000,bid
1735657334168,93637.7,0.007000,bid
1735657334168,93637.8,0.002000,bid
1735657334168,93637.9,0.002000,bid
1735657334168,93638.2,0.002000,bid
1735657334172,93638.8,0.004000,bid
1735657334172,93639.0,0.022000,bid
1735657334172,93639.4,0.002000,bid
1735657334262,93640.0,0.002000,bid
1735657334451,93640.0,0.098000,bid
1735657334729,93640.0,0.010000,bid
1735657335001,93640.0,0.021000,bid
1735657335248,93640.0,0.068000,bid
1735657335386,93640.0,0.275000,bid
1735657335508,93640.0,0.007000,bid
1735657336525,93640.0,0.010000,bid
1735657336703,93640.0,0.037000,bid
1735657336974,93640.0,0.095000,bid
1735657337212,93640.0,0.003000,bid
1735657338602,93640.0,0.153000,bid
1735657338790,93639.9,0.005000,ask
1735657338866,93640.0,2.763000,bid
1735657338983,93640.0,0.148000,bid
1735657339334,93640.0,0.011000,bid
1735657339825,93640.0,0.002000,bid
1735657340264,93640.0,0.028000,bid
1735657340415,93640.0,0.073000,bid
1735657340699,93640.0,0.041000,bid
1735657340756,93640.5,0.005000,bid
1735657340880,93640.5,0.020000,bid
1735657340880,93640.9,0.035000,bid
1735657340889,93641.5,0.003000,bid
1735657340889,93641.7,0.002000,bid
1735657340889,93642.6,0.002000,bid
1735657340889,93643.0,0.004000,bid
1735657340909,93643.6,0.094000,bid
1735657340909,93643.7,0.517000,bid
1735657340931,93644.4,0.005000,bid
1735657340931,93644.7,0.002000,bid
1735657340931,93645.2,0.018000,bid
1735657340934,93645.4,0.004000,bid
1735657340952,93646.3,0.111000,bid
1735657341110,93646.3,0.007000,bid
1735657341110,93647.3,0.004000,bid
1735657341110,93647.5,0.002000,bid
1735657341110,93647.8,0.002000,bid
1735657341110,93647.9,0.003000,bid
1735657341110,93648.2,0.002000,bid
1735657341110,93648.5,0.005000,bid
1735657341110,93649.1,0.002000,bid
1735657341546,93649.4,0.004000,bid
1735657342177,93649.4,0.005000,bid
1735657342318,93649.4,0.034000,bid
1735657342318,93649.7,0.002000,bid
1735657342318,93649.8,0.011000,bid
1735657342318,93649.9,0.018000,bid
1735657342318,93650.1,0.006000,bid
1735657342318,93650.3,0.002000,bid
1735657342318,93651.0,0.040000,bid
1735657342318,93651.2,0.002000,bid
1735657342318,93651.4,0.003000,bid
1735657342318,93651.9,0.002000,bid
1735657342318,93652.5,0.003000,bid
1735657342318,93652.8,0.027000,bid
1735657342318,93652.9,0.004000,bid
1735657342318,93653.2,0.168000,bid
1735657342318,93653.8,0.005000,bid
1735657342318,93654.0,0.002000,bid
1735657342318,93654.1,0.005000,bid
1735657342318,93654.5,0.018000,bid
1735657342318,93654.6,0.002000,bid
1735657342318,93654.7,0.002000,bid
1735657342318,93654.8,0.004000,bid
1735657342318,93655.0,0.094000,bid
1735657342318,93655.6,0.022000,bid
1735657342320,93655.7,0.004000,bid
1735657342320,93655.8,0.003000,bid
1735657342320,93656.1,0.002000,bid
1735657342320,93656.2,0.011000,bid
1735657342324,93656.6,0.123000,bid
1735657342338,93656.8,0.002000,bid
1735657342338,93657.2,0.002000,bid
1735657342343,93657.6,0.002000,bid
1735657342343,93657.9,0.002000,bid
1735657342343,93658.0,0.003000,bid
1735657342343,93658.2,0.007000,bid
1735657342351,93658.5,0.014000,bid
1735657342503,93658.5,0.004000,bid
1735657342673,93658.5,0.034000,bid
1735657342673,93658.9,0.002000,bid
1735657342675,93659.2,0.020000,bid
1735657342678,93659.3,0.022000,bid
1735657342678,93659.4,0.004000,bid
1735657342678,93660.0,0.002000,bid
1735657342680,93660.7,0.003000,bid
1735657342680,93662.8,0.003000,bid
1735657342828,93662.8,0.006000,ask
1735657342916,93662.9,0.005000,bid
1735657343201,93662.9,0.003000,bid
1735657343860,93662.9,0.013000,bid
1735657343942,93662.8,0.803000,ask
1735657343942,93662.4,0.004000,ask
1735657343944,93661.4,0.004000,ask
1735657343944,93660.6,0.003000,ask
1735657343944,93660.5,0.002000,ask
1735657343944,93660.4,0.002000,ask
1735657343944,93660.0,0.002000,ask
1735657343944,93659.5,0.002000,ask
1735657343944,93658.6,0.002000,ask
1735657343944,93658.1,0.002000,ask
1735657343944,93657.7,0.002000,ask
1735657343944,93656.7,0.002000,ask
